timestamp,symbol,open,high,low,close,volume,volume_buy,volume_sell,trade_count,vwap,volatility_hv,bid_ask_spread,ob_imbalance_5,ob_wall_bid,ob_wall_ask,flow_delta_1m,flow_delta_5m,large_trade_count,bid_qty_1,bid_qty_2,bid_qty_3,ask_qty_1,ask_qty_2,ask_qty_3,bid_price_1,ask_price_1,funding_rate,funding_predicted,open_interest,oi_change_1h,long_short_ratio,implied_volatility,iv_rank,delta_exposure,put_call_ratio_vol,put_call_ratio_oi,gamma_strike_1,gamma_strike_2,gamma_strike_3,theta,vega,whale_inflow,whale_outflow,news_sentiment,social_hype_index,fear_greed_index,correlation_spx,correlation_dxy,time_hour,time_day,is_weekend,delta_bs,gamma_bs,vega_bs,theta_bs,oi_change_4h,oi_change_24h,liquidation_long_1h,liquidation_short_1h,liquidation_total_1h,put_call_ratio,dxy_fred,treasury_10y,m2_money_supply
2025-12-05 12:34:49.727054-05,BTCUSDT,92103.99,92718.53,88056,89063.79,20174.57557,228.46744999999117,197.8915500000005,5634981,91003.73986366,0.4671009852842533,0.00999999999476131,0.8777174036534509,0,0,0.07627814277984467,0.3483066400850183,30,6.17182,0.005,0.0056,0.4019,0.00042,0.00118,89063.78,89063.79,3.91e-06,-1.29e-05,88649.02,0,2.2744,56.82555286655918,17.048853093207832,0,0,0,2920,2920,85200,0,0,0,0,0,0.10267348,28,0,0,12,4,f,,,,,,,,,,,,,
2025-12-05 12:34:48.72329-05,BTCUSDT,92103.99,92718.53,88056,89045.09,20174.57543,227.2715199999912,197.87763000000052,5634875,91003.73989999,0.44312927410187725,0.00999999999476131,0.8976281056598348,0,0,-0.05427587113480046,0.3426141254933928,30,7.69877,6e-05,6e-05,0.41394,0.01306,6e-05,89045.08,89045.09,3.91e-06,-1.29e-05,88649.02,0,2.2744,56.82555286655918,17.048853093207832,0,0,0,2920,2920,85200,0,0,0,0,0,0.10267348,28,0,0,12,4,f,,,,,,,,,,,,,
2025-12-05 12:34:47.709992-05,BTCUSDT,92097.94,92718.53,88056,89045.08,20174.65697,227.2713899999912,197.87763000000052,5634929,91003.74463265,0.44312659547346506,0.00999999999476131,0.8648336931725598,0,0,-0.05440720965585994,0.3426134839129993,30,7.10477,6e-05,6e-05,0.51759,0.01312,6e-05,89045.08,89045.09,3.91e-06,-1.29e-05,88649.02,0,2.2744,56.82555286655918,17.048853093207832,0,0,0,2920,2920,85200,0,0,0,0,0,0.10267348,28,0,0,12,4,f,,,,,,,,,,,,,
2025-12-05 12:34:46.704344-05,BTCUSDT,92097.94,92718.53,88056,89045.09,20174.65688,227.2707799999912,197.8755400000005,5634922,91003.74512864,0.44323675593796064,0.00999999999476131,0.8633344015300647,0,0,-0.05503052294239682,0.3442297946333212,30,7.10667,6e-05,6e-05,0.51899,0.01818,6e-05,89045.08,89045.09,3.91e-06,-1.29e-05,88649.02,0,2.2744,56.82555286655918,17.048853093207832,0,0,0,2920,2920,85200,0,0,0,0,0,0.10267348,28,0,0,12,4,f,,,,,,,,,,,,,
2025-12-05 12:34:45.696037-05,BTCUSDT,92097.94,92718.53,88056,89045.09,20174.65133,227.26805999999118,197.8755400000005,5634921,91003.74641499,0.44323675593796064,0.00999999999476131,0.7399492147909197,0,0,-0.1157806359289784,0.3443291959696646,30,7.07612,6e-05,6e-05,1.07307,0.00048,6e-05,89045.08,89045.09,3.91e-06,-1.29e-05,88649.02,0,2.2744,56.82555286655918,17.048853093207832,0,0,0,2920,2920,85200,0,0,0,0,0,0.10267348,28,0,0,12,4,f,,,,,,,,,,,,,
2025-12-05 12:34:44.676658-05,BTCUSDT,92097.94,92718.53,88056,89045.08,20174.62799,227.25764999999117,197.8755400000005,5634793,91003.75399475,0.44323534700153316,0.00999999999476131,0.6636035132724349,0,0,-0.12433215090569658,0.3442989510939858,30,6.38754,6e-05,6e-05,1.29047,0.00084,0.00018,89045.08,89045.09,3.91e-06,-1.29e-05,88649.02,0,2.2744,56.82555286655918,17.048853093207832,0,0,0,2920,2920,85200,0,0,0,0,0,0.10267348,28,0,0,12,4,f,,,,,,,,,,,,,
2025-12-05 12:34:43.67093-05,BTCUSDT,92070.26,92718.53,88056,89033.51,20175.0433,227.19601999999134,197.8755400000005,5635063,91003.79317102,0.43109232853398116,0.010000000009313226,0.8593314481696018,0,0,-0.16135475116769593,0.3440183403571012,30,4.0679,6e-05,6e-05,0.31253,0.00044,6e-05,89033.51,89033.52,3.91e-06,-1.29e-05,88649.02,0,2.2744,56.82555286655918,17.048853093207832,0,0,0,2920,2920,85200,0,0,0,0,0,0.10267348,28,0,0,12,4,f,,,,,,,,,,,,,
2025-12-05 12:34:42.651771-05,BTCUSDT,92070.26,92718.53,88056,89033.51,20175.01529,227.18592999999134,197.7465600000005,5635058,91003.79609311,0.4313085292061096,0.010000000009313226,0.7234898186079588,0,0,-0.14733533080078948,0.3450192654004383,30,3.37053,6e-05,6e-05,0.55145,0.0005,6e-05,89033.51,89033.52,3.91e-06,-1.29e-05,88649.02,0,2.2744,56.82555286655918,17.048853093207832,0,0,0,2920,2920,85200,0,0,0,0,0,0.10267348,28,0,0,12,4,f,,,,,,,,,,,,,
2025-12-05 12:34:41.64763-05,BTCUSDT,92070.25,92718.53,88056,89033.52,20175.01822,227.18592999999134,197.7465600000005,5635059,91003.79628863,0.4325925653553702,0.010000000009313226,0.32949976243806417,0,0,-0.14733533080078948,0.3450192654004383,30,2.42859,0.00066,6e-05,1.23401,0.00062,6e-05,89033.51,89033.52,3.91e-06,-1.29e-05,88649.02,0,2.2744,56.82555286655918,17.048853093207832,0,0,0,2920,2920,85200,0,0,0,0,0,0.10267348,28,0,0,12,4,f,,,,,,,,,,,,,
2025-12-05 12:34:40.64284-05,BTCUSDT,92058.29,92718.53,88056,89033.51,20175.04289,227.17911999999134,197.7462900000005,5635089,91003.80159372,0.43258929460796625,0.010000000009313226,0.8669239001264357,0,0,-0.14779811935072448,0.3450124621070905,30,4.30175,6e-05,6e-05,0.31451,0.00054,6e-05,89033.51,89033.52,3.91e-06,-1.29e-05,88649.02,0,2.2744,56.823140553394005,17.016721980667697,0,0,0,2920,2920,85200,0,0,0,0,0,0.10267348,28,0,0,12,4,f,,,,,,,,,,,,,
2025-12-05 12:34:39.63555-05,BTCUSDT,92076.58,92718.53,88056,89033.51,20180.2901,227.17911999999134,197.7264200000005,5635404,91004.07966204,0.43341245181876986,0.010000000009313226,0.9704042059811291,0,0,-0.13381529362212327,0.3451395414203812,30,3.69793,0.06393,0.05183,0.0552,0.00066,6e-05,89033.51,89033.52,3.91e-06,-1.29e-05,88649.02,0,2.2744,56.823140553394005,17.016721980667697,0,0,0,2920,2920,85200,0,0,0,0,0,0.10267348,28,0,0,12,4,f,,,,,,,,,,,,,
2025-12-05 12:34:38.630391-05,BTCUSDT,92076.57,92718.53,88056,89033.51,20180.32384,227.17911999999134,197.7264200000005,5635417,91004.08146574,0.4401539754619142,0.010000000009313226,0.35907285765861247,0,0,-0.13381529362212327,0.3451395414203812,30,2.59764,0.00012,0.01841,1.22409,0.00066,6e-05,89033.51,89033.52,3.91e-06,-1.29e-05,88649.02,0,2.2744,56.823140553394005,17.016721980667697,0,0,0,2920,2920,85200,0,0,0,0,0,0.10267348,28,0,0,12,4,f,,,,,,,,,,,,,
2025-12-05 12:34:37.61843-05,BTCUSDT,92076.57,92718.53,88056,89033.52,20180.30167,227.17911999999134,197.70955000000043,5635407,91004.0836306,0.48626351565350784,0.010000000009313226,0.628580370700947,0,0,-0.1311926687368384,0.34531023703288793,30,4.19617,0.00012,0.01841,0.95748,0.00042,6e-05,89033.51,89033.52,3.91e-06,-1.29e-05,88649.02,0,2.2744,56.823140553394005,17.016721980667697,0,0,0,2920,2920,85200,0,0,0,0,0,0.10267348,28,0,0,12,4,f,,,,,,,,,,,,,
2025-12-05 12:34:36.609723-05,BTCUSDT,92076.58,92718.53,88056,89025.87,20179.75141,227.11680999999146,197.68276000000043,5635098,91004.13876471,0.4872379281152037,0.010000000009313226,0.9421207534720313,0,0,-0.04841776394638803,0.3460827769880243,30,6.15549,0.04459,6e-05,0.19892,0.0009,6e-05,89013.81,89013.82,3.91e-06,-1.29e-05,88649.02,0,2.2744,56.823140553394005,17.016721980667697,0,0,0,2920,2920,85200,0,0,0,0,0,0.10267348,28,0,0,12,4,f,,,,,,,,,,,,,
2025-12-05 12:34:35.60307-05,BTCUSDT,92067.05,92718.53,88056,89013.82,20179.54407,226.63775999999152,197.68263000000042,5635050,91004.16585159,0.4739187873628378,0.00999999999476131,0.8307382711677328,0,0,-0.16581633394955395,0.3437288527179752,30,6.60712,0.00524,6e-05,0.64408,0.01054,6e-05,89013.8,89013.81,3.91e-06,-1.29e-05,88649.02,0,2.2744,56.823140553394005,17.016721980667697,0,0,0,2920,2920,85200,0,0,0,0,0,0.10267348,28,0,0,12,4,f,,,,,,,,,,,,,
2025-12-05 12:34:34.599743-05,BTCUSDT,92060.59,92718.53,88056,89013.8,20179.56488,226.37478999999146,197.6714100000004,5635105,91004.17126127,0.47454222138119756,0.00999999999476131,0.7469593935010903,0,0,-0.2608847993524666,0.3425602735752588,30,5.88316,6e-05,0.00012,0.91955,0.00048,6e-05,89013.8,89013.81,3.91e-06,-1.29e-05,88649.02,0,2.2744,56.823140553394005,17.016721980667697,0,0,0,2920,2920,85200,0,0,0,0,0,0.10267348,28,0,0,12,4,f,,,,,,,,,,,,,
2025-12-05 12:34:33.593345-05,BTCUSDT,92061.5,92718.53,88056,89009.81,20179.42621,226.2201199999915,197.6713000000004,5635173,91004.18756485,0.4722249349803796,0.00999999999476131,0.9623931239986223,0,0,-0.273475060576967,0.3419850460437939,30,5.82824,0.00515,6e-05,0.15021,0.0003,6e-05,89009.8,89009.81,3.91e-06,-1.29e-05,88649.02,0,2.2744,56.823140553394005,17.016721980667697,0,0,0,2920,2920,85200,0,0,0,0,0,0.10267348,28,0,0,12,4,f,,,,,,,,,,,,,
2025-12-05 12:34:32.583519-05,BTCUSDT,92061.5,92718.53,88056,89009.46,20179.10577,225.90651999999147,197.6713000000004,5635143,91004.21942221,0.49515650661106886,0.010000000009313226,0.8024259152575636,0,0,-0.3107867903340788,0.3400577780324057,30,2.8417,0.00524,6e-05,0.31185,6e-05,6e-05,89009.45,89009.46,3.91e-06,-1.29e-05,88649.02,0,2.2744,56.823140553394005,17.016721980667697,0,0,0,2920,2920,85200,0,0,0,0,0,0.10267348,28,0,0,12,4,f,,,,,,,,,,,,,
2025-12-05 12:34:31.576519-05,BTCUSDT,92067.79,92718.53,88056,89027.1,20179.38872,225.89447999999146,197.4309500000006,5635207,91004.27112241,0.5003231902110344,0.010000000009313226,-0.9684827678452005,0,0,-0.26236514189843624,0.3424600565140996,30,0.06473,0.00578,6e-05,4.13982,0.00014,0.22476,89027.09,89027.1,3.91e-06,-1.29e-05,88649.02,0,2.2744,56.823140553394005,17.016721980667697,0,0,0,2920,2920,85200,0,0,0,0,0,0.10267348,28,0,0,12,4,f,,,,,,,,,,,,,
2025-12-05 12:34:30.569743-05,BTCUSDT,92074.64,92718.53,88056,89027.1,20179.57372,225.89241999999146,197.4309500000006,5635455,91004.28122323,0.5003231902110344,0.010000000009313226,-0.9591253784802172,0,0,-0.21817556105564678,0.3419444060379674,30,0.07656,0.00554,6e-05,3.76326,0.00014,0.1299,89027.09,89027.1,3.91e-06,-1.29e-05,88649.02,0,2.2744,56.823140553394005,17.016721980667697,0,0,0,2920,2920,85200,0,0,0,0,0,0.10267348,28,0,0,12,4,f,,,,,,,,,,,,,
2025-12-05 12:34:29.563613-05,BTCUSDT,92082,92718.53,88056,89027.1,20179.60696,225.89241999999146,197.4309500000006,5635580,91004.28308971,0.5003335650264921,0.010000000009313226,-0.2998189251246056,0,0,-0.21817556105564678,0.3419444060379674,30,1.86968,0.00554,6e-05,3.46289,0.00055,6e-05,89027.09,89027.1,3.91e-06,-1.29e-05,88649.02,0,2.2744,56.821903691966135,16.997586183337827,0,0,0,2920,2920,85200,0,0,0,0,0,0.10267348,28,0,0,12,4,f,,,,,,,,,,,,,
2025-12-05 12:34:28.559926-05,BTCUSDT,92081.99,92718.53,88056,89027.1,20179.59959,225.89155999999147,197.4309500000006,5635579,91004.28382393,0.5003335650264921,0.010000000009313226,-0.7430272335162469,0,0,-0.20795399806802914,0.341208597586623,30,0.65071,0.00566,6e-05,4.37836,6e-05,0.00012,89027.09,89027.1,3.91e-06,-1.29e-05,88649.02,0,2.2744,56.821903691966135,16.997586183337827,0,0,0,2920,2920,85200,0,0,0,0,0,0.10267348,28,0,0,12,4,f,,,,,,,,,,,,,
2025-12-05 12:34:27.542974-05,BTCUSDT,92078,92718.53,88056,89027.09,20179.55219,225.80571999999148,197.4266800000006,5635653,91004.29787345,0.5492408831651296,0.010000000009313226,-0.9661149312967318,0,0,-0.2165299103261717,0.3404541111120358,30,0.07829,0.00602,6e-05,4.83526,6e-05,0.02398,89027.09,89027.1,3.91e-06,-1.29e-05,88649.02,0,2.2744,56.821903691966135,16.997586183337827,0,0,0,2920,2920,85200,0,0,0,0,0,0.10267348,28,0,0,12,4,f,,,,,,,,,,,,,
2025-12-05 12:34:26.535975-05,BTCUSDT,92077.99,92718.53,88056,89027.1,20179.502,225.77419999999148,197.4126800000006,5635607,91004.30296783,0.5603103929017959,0.010000000009313226,-0.9836701212588437,0,0,-0.21819081395782092,0.32345830675934034,30,0.01536,0.00596,6e-05,2.55954,6e-05,0.04626,89029.29,89029.3,3.91e-06,-1.29e-05,88649.02,0,2.2744,56.821903691966135,16.997586183337827,0,0,0,2920,2920,85200,0,0,0,0,0,0.10267348,28,0,0,12,4,f,,,,,,,,,,,,,
2025-12-05 12:34:25.528323-05,BTCUSDT,92069.62,92718.53,88056,89029.3,20179.55953,225.7532899999915,197.36356000000063,5635649,91004.35314362,0.5603462842920651,0.010000000009313226,-0.0706479552962736,0,0,-0.21682702909534327,0.3218975574873178,30,3.24481,0.00542,0.00018,3.74456,6e-05,6e-05,89029.29,89029.3,3.91e-06,-1.29e-05,88649.02,0,2.2744,56.821903691966135,16.997586183337827,0,0,0,2920,2920,85200,0,0,0,0,0,0.10267348,28,0,0,12,4,f,,,,,,,,,,,,,
2025-12-05 12:34:24.520781-05,BTCUSDT,92067.06,92718.53,88056,89041.91,20179.06441,225.22322999999147,197.09996000000075,5635662,91004.40515549,0.5524176568758997,0.00999999999476131,-0.8617770773489513,0,0,-0.24592708531101967,0.32035483900967154,30,0.17972,0.0056,6e-05,1.99008,0.13111,0.37084,89041.91,89041.92,3.91e-06,-1.29e-05,88649.02,0,2.2744,56.821903691966135,16.997586183337827,0,0,0,2920,2920,85200,0,0,0,0,0,0.10267348,28,0,0,12,4,f,,,,,,,,,,,,,
2025-12-05 12:34:23.512732-05,BTCUSDT,92060.79,92718.53,88056,89041.92,20178.83015,225.17801999999148,196.87416000000076,5635689,91004.43477573,0.5524188821096945,0.00999999999476131,0.06900765869606507,0,0,-0.18496347504317834,0.3225294458351932,30,1.87956,0.0053,6e-05,1.63474,0.0003,6e-05,89041.91,89041.92,3.91e-06,-1.29e-05,88649.02,0,2.2744,56.821903691966135,16.997586183337827,0,0,0,2920,2920,85200,0,0,0,0,0,0.10267348,28,0,0,12,4,f,,,,,,,,,,,,,
2025-12-05 12:34:22.500545-05,BTCUSDT,92057.24,92718.53,88056,89041.92,20178.90817,225.15460999999146,196.87416000000076,5635730,91004.44195254,0.5524201185067243,0.00999999999476131,0.16751402141452404,0,0,-0.1877940487679282,0.32240367436838907,30,1.99764,0.00578,6e-05,1.42166,0.00042,6e-05,89041.91,89041.92,3.91e-06,-1.29e-05,88649.02,0,2.2744,56.821903691966135,16.997586183337827,0,0,0,2920,2920,85200,0,0,0,0,0,0.10267348,28,0,0,12,4,f,,,,,,,,,,,,,
2025-12-05 12:34:21.497471-05,BTCUSDT,92057.25,92718.53,88056,89041.91,20178.85214,225.14868999999143,196.8437100000007,5635720,91004.45834909,0.5524176568595869,0.00999999999476131,0.5424623031257892,0,0,-0.1853658313308159,0.3196340279497325,30,4.36099,0.00524,6e-05,1.28791,0.00066,6e-05,89041.91,89041.92,3.91e-06,-1.29e-05,88649.02,0,2.2744,56.821903691966135,16.997586183337827,0,0,0,2920,2920,85200,0,0,0,0,0,0.10267348,28,0,0,12,4,f,,,,,,,,,,,,,
2025-12-05 12:34:20.489999-05,BTCUSDT,92057.25,92718.53,88056,89038.17,20178.65599,224.99965999999154,196.7430700000007,5635258,91004.47779305,0.5510887395852732,0.00999999999476131,0.9990733380889297,0,0,-0.19516379823789612,0.32001957665410413,30,7.28608,0.05313,6e-05,0.00167,0.00156,6e-05,89036.63,89036.64,3.91e-06,-1.29e-05,88649.02,0,2.2744,56.821903691966135,16.997586183337827,0,0,0,2920,2920,85200,0,0,0,0,0,0.10267348,28,0,0,12,4,f,,,,,,,,,,,,,
2025-12-05 12:34:19.479953-05,BTCUSDT,92057.25,92718.53,88056,89035.01,20178.63127,224.9407299999916,196.7429800000007,5635217,91004.48219326,0.5508111497243864,0.010000000009313226,-0.9740525199969592,0,0,-0.2017757453937609,0.3251072219353962,30,0.03021,0.0003,6e-05,2.33654,0.00042,6e-05,89035.01,89035.02,3.91e-06,-1.29e-05,88649.02,0,2.2744,56.818344551910954,17.00105773735883,0,0,0,2920,2920,85200,0,0,0,0,0,0.10267348,28,0,0,12,4,f,,,,,,,,,,,,,
2025-12-05 12:34:18.472576-05,BTCUSDT,92057.27,92718.53,88056,89035.01,20178.60982,224.9407299999916,196.71243000000078,5635323,91004.50238252,0.558661485112873,0.010000000009313226,0.7681325108004603,0,0,-0.19951026548021977,0.3254117085732567,30,4.6859,6e-05,6e-05,0.61369,0.00066,6e-05,89035.01,89035.02,3.91e-06,-1.29e-05,88649.02,0,2.2744,56.818344551910954,17.00105773735883,0,0,0,2920,2920,85200,0,0,0,0,0,0.10267348,28,0,0,12,4,f,,,,,,,,,,,,,
2025-12-05 12:34:17.432311-05,BTCUSDT,92049.28,92718.53,88056,89041.91,20178.67175,224.9407299999916,196.54933000000082,5635378,91004.51020386,0.5819368873920299,0.00999999999476131,-0.9927617379973124,0,0,-0.183283809887201,0.3289939372378115,30,0.00651,0.0003,6e-05,1.95056,0.00032,6e-05,89041.91,89041.92,3.91e-06,-1.29e-05,88649.02,0,2.2744,56.818344551910954,17.00105773735883,0,0,0,2920,2920,85200,0,0,0,0,0,0.10267348,28,0,0,12,4,f,,,,,,,,,,,,,
2025-12-05 12:34:16.424337-05,BTCUSDT,92041.95,92718.53,88056,89041.92,20179.06444,224.83847999999162,196.5399200000008,5635522,91004.54558077,0.5822742284192401,0.00999999999476131,0.142544613557521,0,0,-0.2048793284365162,0.32881421228401464,30,1.52266,0.00012,0.00018,1.50167,0.00068,6e-05,89041.91,89041.92,3.91e-06,-1.29e-05,88649.02,0,2.2744,56.818344551910954,17.00105773735883,0,0,0,2920,2920,85200,0,0,0,0,0,0.10267348,28,0,0,12,4,f,,,,,,,,,,,,,
2025-12-05 12:34:15.413336-05,BTCUSDT,92041.94,92718.53,88056,89041.91,20179.15863,224.83716999999163,196.5399200000008,5635524,91004.55067871,0.5822742262905544,0.00999999999476131,-0.0513798303668342,0,0,-0.22558277710919042,0.3288595082153287,30,1.48695,0.0003,0.00018,2.18211,0.00038,6e-05,89041.91,89041.92,3.91e-06,-1.29e-05,88649.02,0,2.2744,56.818344551910954,17.00105773735883,0,0,0,2920,2920,85200,0,0,0,0,0,0.10267348,28,0,0,12,4,f,,,,,,,,,,,,,
2025-12-05 12:34:14.405921-05,BTCUSDT,92023.51,92718.53,88056,89041.92,20179.69633,224.83716999999163,196.5395100000008,5635740,91004.57798477,0.5829599617359498,0.00999999999476131,-0.2795206185828884,0,0,-0.2647484621204369,0.3288615771136628,30,0.88975,0.00036,0.00018,2.51164,0.0003,6e-05,89041.91,89041.92,3.91e-06,-1.29e-05,88649.02,0,2.2744,56.818344551910954,17.00105773735883,0,0,0,2920,2920,85200,0,0,0,0,0,0.10267348,28,0,0,12,4,f,,,,,,,,,,,,,
2025-12-05 12:34:13.400236-05,BTCUSDT,92023.51,92718.53,88056,89041.91,20179.70414,224.83708999999163,196.5395100000008,5635743,91004.57839094,0.5829714897334174,0.00999999999476131,-0.13938803981176856,0,0,-0.2592680425800547,0.31998878502337613,30,1.64686,0.00018,6e-05,2.18164,0.0006,6e-05,89041.91,89041.92,3.91e-06,-1.29e-05,88649.02,0,2.2744,56.818344551910954,17.00105773735883,0,0,0,2920,2920,85200,0,0,0,0,0,0.10267348,28,0,0,12,4,f,,,,,,,,,,,,,
2025-12-05 12:34:12.388372-05,BTCUSDT,92023.5,92718.53,88056,89052.2,20179.64273,224.81542999999164,196.42775000000094,5635637,91004.60467541,0.5942037642066684,0.010000000009313226,-0.9741238066470788,0,0,-0.2552152632880057,0.32112667086203117,30,0.02717,0.00086,6e-05,1.78283,6e-05,0.3705,89052.2,89052.21,3.91e-06,-1.29e-05,88649.02,0,2.2744,56.818344551910954,17.00105773735883,0,0,0,2920,2920,85200,0,0,0,0,0,0.10267348,28,0,0,12,4,f,,,,,,,,,,,,,
2025-12-05 12:34:11.381859-05,BTCUSDT,92023.51,92718.53,88056,89052.2,20179.64343,224.80732999999165,196.36520000000093,5635636,91004.60567519,0.653062655065267,0.010000000009313226,0.7286471627724328,0,0,-0.24677449063567247,0.32186628841062215,30,6.95492,6e-05,6e-05,1.08782,0.0006,6e-05,89052.2,89052.21,3.91e-06,-1.29e-05,88649.02,0,2.2744,56.818344551910954,17.00105773735883,0,0,0,2920,2920,85200,0,0,0,0,0,0.10267348,28,0,0,12,4,f,,,,,,,,,,,,,
2025-12-05 12:34:10.375426-05,BTCUSDT,92023.51,92718.53,88056,89046.54,20179.60439,224.66013999999169,196.36368000000093,5635551,91004.62601478,0.6510004848540978,0.00999999999476131,0.9948509823411777,0,0,-0.257622370945867,0.32124461212450545,30,5.26017,6e-05,3.20873,0.0195,0.00132,0.00063,89046.53,89046.54,3.91e-06,-1.29e-05,88649.02,0,2.2744,56.818344551910954,17.00105773735883,0,0,0,2920,2920,85200,0,0,0,0,0,0.10267348,28,0,0,12,4,f,,,,,,,,,,,,,
2025-12-05 12:34:09.367314-05,BTCUSDT,92006.65,92718.53,88056,89040.26,20184.66297,224.39450999999173,196.36368000000093,5635355,91004.92940269,0.6536494873335845,0.010000000009313226,0.6889556950751294,0,0,-0.12018230741323016,0.3199501990657862,30,5.59628,0.00012,0.19354,1.13296,0.00048,0.00114,89040.26,89040.27,3.91e-06,-1.29e-05,88649.02,0,2.2744,56.814777876546636,16.99236809940439,0,0,0,2920,2920,85200,0,0,0,0,0,0.10267348,28,0,0,12,4,f,,,,,,,,,,,,,
2025-12-05 12:34:08.35927-05,BTCUSDT,92006.65,92718.53,88056,89024.14,20184.66297,224.34754999999183,196.3632800000009,5635299,91004.92940269,0.6381080252627107,0.00999999999476131,0.9849322196357662,0,0,0.0022110755765022264,0.3197207091153826,30,2.99769,0.24909,0.37074,0.02673,0.0006,6e-05,89024.13,89024.14,3.91e-06,-1.29e-05,88649.02,0,2.2744,56.814777876546636,16.99236809940439,0,0,0,2920,2920,85200,0,0,0,0,0,0.10267348,28,0,0,12,4,f,,,,,,,,,,,,,
2025-12-05 12:34:07.342039-05,BTCUSDT,92006.65,92718.53,88056,89024.14,20184.66273,224.33080999999183,196.36304000000092,5635297,91004.92942624,0.6507286866865736,0.00999999999476131,0.3812936737326426,0,0,0.002456301196782143,0.31964047885011776,30,1.45639,0.00012,0.16882,0.89596,0.00054,0.00024,89024.13,89024.14,3.91e-06,-1.29e-05,88649.02,0,2.2744,56.814777876546636,16.99236809940439,0,0,0,2920,2920,85200,0,0,0,0,0,0.10267348,28,0,0,12,4,f,,,,,,,,,,,,,
2025-12-05 12:34:06.33377-05,BTCUSDT,92006.65,92718.53,88056,89024.13,20184.635,224.32908999999182,196.36304000000092,5635289,91004.93214749,0.6509003576812196,0.00999999999476131,-0.21364673589523114,0,0,-0.0019152272296107543,0.31971935985678884,30,0.93886,0.00566,0.00641,1.46745,0.0003,6e-05,89024.13,89024.14,3.91e-06,-1.29e-05,88649.02,0,2.2744,56.814777876546636,16.99236809940439,0,0,0,2920,2920,85200,0,0,0,0,0,0.10267348,28,0,0,12,4,f,,,,,,,,,,,,,
2025-12-05 12:34:05.325804-05,BTCUSDT,92006.67,92718.53,88056,89012.82,20184.89755,224.2073399999919,196.3252100000008,5635348,91004.96489057,0.6421435448190745,0.00999999999476131,0.977719507007748,0,0,-0.008844256281508518,0.3196163142268279,30,3.52424,6e-05,0.0022,0.03084,0.0103,6e-05,89012.82,89012.83,3.91e-06,-1.29e-05,88649.02,0,2.2744,56.814777876546636,16.99236809940439,0,0,0,2920,2920,85200,0,0,0,0,0,0.10267348,28,0,0,12,4,f,,,,,,,,,,,,,
2025-12-05 12:34:04.318864-05,BTCUSDT,91986.21,92718.53,88056,89016,20185.14399,224.2073399999919,196.29137000000082,5635358,91005.0117246,0.6422246222043605,0.00999999999476131,-0.9871046474403735,0,0,-0.07291393929628814,0.3200170402402172,30,0.00403,0.00108,6e-05,4.12,0.01,0.1237,89021.61,89021.62,3.91e-06,-1.29e-05,88649.02,0,2.2744,56.814777876546636,16.99236809940439,0,0,0,2920,2920,85200,0,0,0,0,0,0.10267348,28,0,0,12,4,f,,,,,,,,,,,,,
2025-12-05 12:34:03.31109-05,BTCUSDT,91980.38,92718.53,88056,89026.95,20185.19035,224.2073399999919,196.08806000000095,5635384,91005.01397431,0.6697012712802126,0.00999999999476131,0.0833734662255539,0,0,0.046925688085575255,0.3233059756847524,30,2.06687,0.00036,9e-05,1.62458,6e-05,6e-05,89026.94,89026.95,3.91e-06,-1.29e-05,88649.02,0,2.2744,56.814777876546636,16.99236809940439,0,0,0,2920,2920,85200,0,0,0,0,0,0.10267348,28,0,0,12,4,f,,,,,,,,,,,,,
2025-12-05 12:34:02.299616-05,BTCUSDT,91980.38,92718.53,88056,89026.94,20185.19035,224.2072799999919,196.08806000000095,5635383,91005.01397431,0.6697033688742632,0.00999999999476131,0.42200872216939384,0,0,0.04692477774526293,0.32314054318719837,30,2.16575,0.00024,9e-05,0.87063,0.01,0.00012,89026.94,89026.95,3.91e-06,-1.29e-05,88649.02,0,2.2744,56.814777876546636,16.99236809940439,0,0,0,2920,2920,85200,0,0,0,0,0,0.10267348,28,0,0,12,4,f,,,,,,,,,,,,,
2025-12-05 12:34:01.292302-05,BTCUSDT,91958.48,92718.53,88056,89043.11,20185.15447,224.15503999999189,195.82438000000133,5635181,91005.07426483,0.659452326998196,0.010000000009313226,-0.9884106803533997,0,0,0.06229035523191939,0.32283654497315556,30,0.0118,0.00066,6e-05,2.53732,6e-05,6e-05,89048.12,89048.13,3.91e-06,-1.29e-05,88649.02,0,2.2744,56.814777876546636,16.99236809940439,0,0,0,2920,2920,85200,0,0,0,0,0,0.10267348,28,0,0,12,4,f,,,,,,,,,,,,,
2025-12-05 12:34:00.285145-05,BTCUSDT,91958.48,92718.53,88056,89056.23,20185.15447,224.1519999999919,195.73827000000136,5635116,91005.07426483,0.6554214465761685,0.00999999999476131,-0.9932008830022077,0,0,0.12177359825457876,0.32306482772672207,30,0.00635,0.00117,6e-05,1.92785,6e-05,0.00048,89056.22,89056.23,3.91e-06,-1.29e-05,88649.02,0,2.2744,56.814777876546636,16.99236809940439,0,0,0,2920,2920,85200,0,0,0,0,0,0.10267348,28,0,0,12,4,f,,,,,,,,,,,,,
2025-12-05 12:33:59.280393-05,BTCUSDT,91980.39,92718.53,88056,89056.23,20186.15744,224.15095999999187,195.61627000000126,5635445,91005.13683964,0.7034666706788341,0.00999999999476131,0.45172628885458926,0,0,0.1230953466224961,0.3216355941552256,30,3.13209,6e-05,0.00012,1.19014,0.00054,0.00042,89056.22,89056.23,3.91e-06,-1.29e-05,88649.02,0,2.2744,56.813168076778354,16.979030377016517,0,0,0,2920,2920,85200,0,0,0,0,0,0.10267348,28,0,0,12,4,f,,,,,,,,,,,,,
2025-12-05 12:33:58.275522-05,BTCUSDT,91980.38,92718.53,88056,89056.22,20186.05629,224.03813999999187,195.61627000000126,5635468,91005.1482959,0.7034666696720676,0.00999999999476131,0.5360261578146077,0,0,0.04409478401331566,0.32101436954146056,30,3.83784,6e-05,0.00012,1.17518,0.00054,0.00042,89056.22,89056.23,3.91e-06,-1.29e-05,88649.02,0,2.2744,56.813168076778354,16.979030377016517,0,0,0,2920,2920,85200,0,0,0,0,0,0.10267348,28,0,0,12,4,f,,,,,,,,,,,,,
2025-12-05 12:33:53.778846-05,BTCUSDT,91997.51,92718.53,88056,89050,20186.71132,223.5638499999919,195.03657000000126,5635756,91005.33435837,0.7008279757340262,0.00999999999476131,-0.7742468051955833,0,0,0.3683238210159055,0.30040658949347065,30,0.37361,0.00078,0.0022,2.80686,0.02752,6e-05,89049.99,89050,3.91e-06,-1.29e-05,88649.02,,2.2744,56.813168076778354,16.979030377016517,0,0,0,2920,2920,85200,0,0,0,0,0,0.10267348,28,0,0,12,4,f,,,,,,,,,,,,,
2025-12-05 12:33:52.769222-05,BTCUSDT,91997.51,92718.53,88056,89050.01,20186.55077,223.55240999999188,194.89986000000127,5635657,91005.34990975,0.757105092247933,0.00999999999476131,-0.9225405147485758,0,0,0.2913910954714319,0.27640795748128605,30,0.13342,0.00096,0.00012,2.8174,6e-05,0.15574,89050,89050.01,3.91e-06,-1.29e-05,88705.229,0,2.2744,56.813168076778354,16.979030377016517,0,0,0,2920,2920,85200,0,0,0,0,0,0.10267348,28,0,0,12,4,f,,,,,,,,,,,,,
2025-12-05 12:33:51.760969-05,BTCUSDT,91997.5,92718.53,88056,89050,20185.49891,223.53436999999187,194.89420000000126,5635553,91005.45172952,0.7571043877138355,0.00999999999476131,-0.1816897199865054,0,0,0.35282532963273405,0.27636909871183146,30,1.6009,0.00066,0.00012,3.026,6e-05,0.00012,89050,89050.01,3.91e-06,-1.29e-05,88705.229,0,2.2744,56.813168076778354,16.979030377016517,0,0,0,2920,2920,85200,0,0,0,0,0,0.10267348,28,0,0,12,4,f,,,,,,,,,,,,,
2025-12-05 12:33:50.745382-05,BTCUSDT,91988.83,92718.53,88056,89075.05,20185.32767,223.50568999999186,193.76605000000185,5635240,91005.47396167,0.7301236800389126,0.00999999999476131,-0.9984479660186244,0,0,0.38788212754480433,0.2864763948225039,30,0.00147,0.00108,6e-05,3.52832,6e-05,0.14115,89079.19,89079.2,3.91e-06,-1.29e-05,88705.229,0,2.2744,56.813168076778354,16.979030377016517,0,0,0,2920,2920,85200,0,0,0,0,0,0.10267348,28,0,0,12,4,f,,,,,,,,,,,,,
2025-12-05 12:33:49.737427-05,BTCUSDT,91988.83,92718.53,88056,89089.29,20185.31774,223.50463999999184,193.63219000000188,5635159,91005.47868364,0.7209999311240959,0.010000000009313226,0.5706119974512994,0,0,0.3126835362164219,0.28856570140598486,30,4.62442,0.39382,0.05946,1.36573,0.02231,6e-05,89089.29,89089.3,3.91e-06,-1.29e-05,88705.229,0,2.2744,56.813168076778354,16.979030377016517,0,0,0,2920,2920,85200,0,0,0,0,0,0.10267348,28,0,0,12,4,f,,,,,,,,,,,,,
2025-12-05 12:33:48.721405-05,BTCUSDT,91988.82,92718.53,88056,89089.29,20185.26677,223.49747999999184,193.63219000000188,5635068,91005.4837133,0.7210000257333233,0.00999999999476131,0.8953376738211495,0,0,0.3127354786948213,0.28456010448260605,30,7.47556,0.79599,6e-05,0.43546,0.03368,6e-05,89089.28,89089.29,3.91e-06,-1.29e-05,88705.229,0,2.2744,56.81318854535926,16.972964583138697,0,0,0,2920,2920,85200,0,0,0,0,0,0.10267348,28,0,0,12,4,f,,,,,,,,,,,,,
2025-12-05 12:33:47.708304-05,BTCUSDT,91988.83,92718.53,88056,89089.28,20185.28521,223.45853999999184,193.6258700000019,5635064,91005.48481417,0.7209999311177056,0.00999999999476131,-0.06866830135404701,0,0,0.3165739783071333,0.28443087933075106,30,1.62883,0.00036,6e-05,1.86947,6e-05,6e-05,89089.27,89089.28,3.91e-06,-1.29e-05,88705.229,0,2.2744,56.81318854535926,16.972964583138697,0,0,0,2920,2920,85200,0,0,0,0,0,0.10267348,28,0,0,12,4,f,,,,,,,,,,,,,
2025-12-05 12:33:46.695937-05,BTCUSDT,91988.82,92718.53,88056,89089.27,20184.77985,223.45813999999186,193.6188400000019,5634842,91005.54049153,0.7209997507571679,0.00999999999476131,-0.3680283168807687,0,0,0.31681893486202284,0.28509241702002547,30,1.36222,0.00096,6e-05,3.75259,6e-05,6e-05,89089.27,89089.28,3.91e-06,-1.29e-05,88705.229,0,2.2744,56.81318854535926,16.972964583138697,0,0,0,2920,2920,85200,0,0,0,0,0,0.10267348,28,0,0,12,4,f,,,,,,,,,,,,,
2025-12-05 12:33:45.68316-05,BTCUSDT,91988.82,92718.53,88056,89097.07,20184.8395,223.45561999999185,193.0646900000018,5634763,91005.54571532,0.7181758630638069,0.00999999999476131,-0.4153359147565077,0,0,0.33282131381023206,0.29092466147480356,30,1.23007,0.00542,6e-05,3.00408,0.0003,6e-05,89097.07,89097.08,3.91e-06,-1.29e-05,88705.229,0,2.2744,56.81318854535926,16.972964583138697,0,0,0,2920,2920,85200,0,0,0,0,0,0.10267348,28,0,0,12,4,f,,,,,,,,,,,,,
2025-12-05 12:33:44.670674-05,BTCUSDT,92003.86,92718.53,88056,89097.08,20185.44494,223.45359999999184,192.99125000000183,5635045,91005.5874558,0.7181757948787615,0.00999999999476131,-0.3591777986605921,0,0,0.33514297588575187,0.2913894901491663,30,1.18135,0.00048,6e-05,2.85553,0.00084,6e-05,89097.07,89097.08,3.91e-06,-1.29e-05,88705.229,0,2.2744,56.81318854535926,16.972964583138697,0,0,0,2920,2920,85200,0,0,0,0,0,0.10267348,28,0,0,12,4,f,,,,,,,,,,,,,
2025-12-05 12:33:43.654013-05,BTCUSDT,91994.33,92718.53,88056,89099.48,20186.74202,223.45057999999185,192.6888600000018,5635070,91005.69233901,0.7233862323036502,0.00999999999476131,0.8578260604636183,0,0,0.33896727997457676,0.2942980843971935,30,5.28545,6e-05,6e-05,0.40093,0.00066,6e-05,89099.47,89099.48,3.91e-06,-1.29e-05,88705.229,0,2.2744,56.81318854535926,16.972964583138697,0,0,0,2920,2920,85200,0,0,0,0,0,0.10267348,28,0,0,12,4,f,,,,,,,,,,,,,
2025-12-05 12:33:42.644378-05,BTCUSDT,92000.89,92718.53,88056,89099.48,20186.80315,223.43444999999187,192.68642000000182,5635282,91005.69868963,0.7233863368264887,0.00999999999476131,0.8754026647148688,0,0,0.3391852035054891,0.29424732631198297,30,4.35702,6e-05,6e-05,0.28541,0.00066,6e-05,89099.47,89099.48,3.91e-06,-1.29e-05,88705.229,0,2.2744,56.81318854535926,16.972964583138697,0,0,0,2920,2920,85200,0,0,0,0,0,0.10267348,28,0,0,12,4,f,,,,,,,,,,,,,
2025-12-05 12:33:41.63909-05,BTCUSDT,92010.1,92718.53,88056,89099.48,20186.82781,223.42629999999187,192.68642000000182,5635387,91005.70011666,0.7245144904461995,0.00999999999476131,0.7415767964028053,0,0,0.3398596443103369,0.2944810217001754,30,5.20093,6e-05,6e-05,0.78739,0.00066,6e-05,89099.47,89099.48,3.91e-06,-1.29e-05,88705.229,0,2.2744,56.81318854535926,16.972964583138697,0,0,0,2920,2920,85200,0,0,0,0,0,0.10267348,28,0,0,12,4,f,,,,,,,,,,,,,
2025-12-05 12:33:40.636296-05,BTCUSDT,92006.01,92718.53,88056,89099.48,20186.85825,223.41395999999187,192.67514000000182,5635432,91005.70483982,0.7273552167194864,0.00999999999476131,0.743830747891309,0,0,0.33342844376719594,0.29457992943781985,30,5.04287,6e-05,6e-05,0.75616,0.00072,6e-05,89099.47,89099.48,3.91e-06,-1.29e-05,88705.229,0,2.2744,56.81318854535926,16.972964583138697,0,0,0,2920,2920,85200,0,0,0,0,0,0.10267348,28,0,0,12,4,f,,,,,,,,,,,,,
2025-12-05 12:33:39.627627-05,BTCUSDT,92013,92718.53,88056,89098.59,20186.85124,223.41099999999187,192.67514000000182,5635498,91005.70944896,0.7352836052415807,0.00999999999476131,0.88710091053275,0,0,0.333548603750387,0.2996523120512799,30,3.26626,0.1528,6e-05,0.21885,0.00048,0.00069,89098.58,89098.59,3.91e-06,-1.29e-05,88705.229,0,2.2744,56.81318854535926,16.972964583138697,0,0,0,2920,2920,85200,0,0,0,0,0,0.10267348,28,0,0,12,4,f,,,,,,,,,,,,,
2025-12-05 12:33:38.611352-05,BTCUSDT,92016.79,92718.53,88056,89095.47,20187.14054,223.29234999999187,192.67473000000183,5635475,91005.74177646,0.7347941543469226,0.00999999999476131,0.634476590797299,0,0,0.34339045684657776,0.2990577721553094,30,1.76449,7e-05,0.01618,0.40699,0.00012,6e-05,89095.47,89095.48,3.91e-06,-1.29e-05,88705.229,0,2.2744,56.81900685818843,16.898098869639615,0,0,0,2920,2920,85200,0,0,0,0,0,0.10267348,28,0,0,12,4,f,,,,,,,,,,,,,
2025-12-05 12:33:37.60489-05,BTCUSDT,92016.78,92718.53,88056,89095.48,20186.31233,223.28449999999188,192.63873000000166,5635442,91005.82101521,0.7347945521376871,0.00999999999476131,0.17887561514250444,0,0,0.34268091166249787,0.2990448952313418,30,1.66541,0.00036,7e-05,1.17942,0.00012,6e-05,89095.47,89095.48,3.91e-06,-1.29e-05,88705.229,0,2.2744,56.81900685818843,16.898098869639615,0,0,0,2920,2920,85200,0,0,0,0,0,0.10267348,28,0,0,12,4,f,,,,,,,,,,,,,
2025-12-05 12:33:36.57568-05,BTCUSDT,92018.6,92718.53,88056,89100,20185.17612,222.43237999999187,192.58563000000146,5635416,91005.93273765,0.7413650488253107,0.00999999999476131,0.182951978219313,0,0,0.3151647936693318,0.2947185928598871,30,2.03629,0.00536,0.00012,1.21958,6e-05,0.00012,89100,89100.01,3.91e-06,-1.29e-05,88705.229,0,2.2744,56.81900685818843,16.898098869639615,0,0,0,2920,2920,85200,0,0,0,0,0,0.10267348,28,0,0,12,4,f,,,,,,,,,,,,,
2025-12-05 12:33:35.561246-05,BTCUSDT,92018.6,92718.53,88056,89110.65,20185.17612,222.33521999999186,191.64660000000106,5635320,91005.93273765,0.736257864174994,0.010000000009313226,-0.9929351955069264,0,0,0.3419992313948238,0.3006754923129136,30,0.00161,0.00102,0.00704,2.7723,0.0003,0.00024,89119.2,89119.21,3.91e-06,-1.29e-05,88705.229,0,2.2744,56.81900685818843,16.898098869639615,0,0,0,2920,2920,85200,0,0,0,0,0,0.10267348,28,0,0,12,4,f,,,,,,,,,,,,,
2025-12-05 12:33:34.552683-05,BTCUSDT,92021.86,92718.53,88056,89137.43,20184.31536,222.32121999999185,190.70818000000133,5635087,91006.01800716,0.703185173735481,0.010000000009313226,0.11790085058396557,0,0,0.3743843892286605,0.30659966484979145,30,1.66898,0.0109,0.00018,1.32539,0.00012,6e-05,89137.51,89137.52,3.91e-06,-1.29e-05,88705.229,0,2.2744,56.81900685818843,16.898098869639615,0,0,0,2920,2920,85200,0,0,0,0,0,0.10267348,28,0,0,12,4,f,,,,,,,,,,,,,
2025-12-05 12:33:33.536056-05,BTCUSDT,92021.86,92718.53,88056,89129.05,20184.23822,222.24782999999192,190.70762000000133,5634992,91006.02540097,0.7033850852589429,0.010000000009313226,0.45318249593039966,0,0,0.3895999002197417,0.3026092603608746,30,2.64508,0.01054,6e-05,0.99881,0.00036,6e-05,89129.04,89129.05,3.91e-06,-1.29e-05,88705.229,0,2.2744,56.81900685818843,16.898098869639615,0,0,0,2920,2920,85200,0,0,0,0,0,0.10267348,28,0,0,12,4,f,,,,,,,,,,,,,
2025-12-05 12:33:32.529458-05,BTCUSDT,92021.86,92718.53,88056,89129.05,20184.23252,222.2423799999919,190.70262000000133,5634986,91006.02593103,0.7089950717155444,0.010000000009313226,0.3617131009189606,0,0,0.36986316570493777,0.30237228293744334,30,2.60335,0.01036,6e-05,1.22469,0.00036,6e-05,89129.04,89129.05,3.91e-06,-1.29e-05,88705.229,0,2.2744,56.81900685818843,16.898098869639615,0,0,0,2920,2920,85200,0,0,0,0,0,0.10267348,28,0,0,12,4,f,,,,,,,,,,,,,
2025-12-05 12:33:31.519663-05,BTCUSDT,92021.86,92718.53,88056,89134.64,20183.91792,221.94192999999188,190.6686800000014,5634906,91006.05821675,0.7078814202716639,0.00999999999476131,-0.8170566822672908,0,0,0.36662855035597314,0.3009350234469005,30,0.11151,0.01114,6e-05,1.22249,0.0003,6e-05,89134.64,89134.65,3.91e-06,-1.29e-05,88705.229,0,2.2744,56.81900685818843,16.898098869639615,0,0,0,2920,2920,85200,0,0,0,0,0,0.10267348,28,0,0,12,4,f,,,,,,,,,,,,,
2025-12-05 12:33:30.507312-05,BTCUSDT,92020.22,92718.53,88056,89134.64,20183.87196,221.89704999999188,190.66668000000138,5634880,91006.06692594,0.7078818467142334,0.00999999999476131,0.7113427153724459,0,0,0.37544194850749524,0.30030368238142435,30,3.67264,0.01024,6e-05,0.62797,0.00042,6e-05,89134.64,89134.65,3.91e-06,-1.29e-05,88705.229,0,2.2744,56.81900685818843,16.898098869639615,0,0,0,2920,2920,85200,0,0,0,0,0,0.10267348,28,0,0,12,4,f,,,,,,,,,,,,,
2025-12-05 12:33:29.497129-05,BTCUSDT,92026.27,92718.53,88056,89155.29,20183.29901,221.39704999999188,190.4237000000015,5634826,91006.13966897,0.7111875520487654,0.00999999999476131,0.01726852316710206,0,0,0.3597744978623304,0.3000894630850726,30,2.10311,0.20591,0.37015,0.64128,0.00048,0.00012,89155.28,89155.29,3.91e-06,-1.29e-05,88705.229,0,2.2744,56.81900685818843,16.898098869639615,0,0,0,2920,2920,85200,0,0,0,0,0,0.10267348,28,0,0,12,4,f,,,,,,,,,,,,,
2025-12-05 12:33:28.47768-05,BTCUSDT,92013.01,92718.53,88056,89139.71,20183.44741,221.29899999999193,190.4219600000015,5634777,91006.16119423,0.7021089811676723,0.010000000009313226,0.9334486336907644,0,0,0.3585469010515367,0.2918176359163661,30,1.84731,0.02388,0.07449,0.05101,0.00036,0.00012,89139.7,89139.71,3.91e-06,-1.29e-05,88705.229,0,2.2744,56.81900685818843,16.898098869639615,0,0,0,2920,2920,85200,0,0,0,0,0,0.10267348,28,0,0,12,4,f,,,,,,,,,,,,,
2025-12-05 12:33:27.473398-05,BTCUSDT,92008.16,92718.53,88056,89139.71,20183.61018,221.28175999999195,190.38412000000136,5634823,91006.17670916,0.7028685655114111,0.010000000009313226,0.3779064989387117,0,0,0.35902296008087003,0.29181336333044855,30,2.34108,6e-05,0.08243,1.09558,0.00066,6e-05,89139.7,89139.71,3.91e-06,-1.29e-05,88705.229,0,2.2744,56.82380585230735,16.852850537197295,0,0,0,2920,2920,85200,0,0,0,0,0,0.10267348,28,0,0,12,4,f,,,,,,,,,,,,,
2025-12-05 12:33:26.462427-05,BTCUSDT,92013.51,92718.53,88056,89139.67,20184.61123,221.26285999999192,190.38325000000137,5634840,91006.22951941,0.713239447340125,0.00999999999476131,0.5202765730944695,0,0,0.41076007824320687,0.2907614231516502,30,3.34533,0.00506,0.00012,1.12384,0.0006,0.00318,89139.66,89139.67,3.91e-06,-1.29e-05,88705.229,0,2.2744,56.82380585230735,16.852850537197295,0,0,0,2920,2920,85200,0,0,0,0,0,0.10267348,28,0,0,12,4,f,,,,,,,,,,,,,
2025-12-05 12:33:25.45273-05,BTCUSDT,92013.51,92718.53,88056,89139.67,20184.60302,221.26062999999192,190.38325000000137,5634837,91006.23061749,0.7146038298273208,0.00999999999476131,0.6408069009593691,0,0,0.4107536675190752,0.29066623946463555,30,4.23536,0.00506,6e-05,1.01351,0.00042,0.00318,89139.66,89139.67,3.91e-06,-1.29e-05,88705.229,0,2.2744,56.82380585230735,16.852850537197295,0,0,0,2920,2920,85200,0,0,0,0,0,0.10267348,28,0,0,12,4,f,,,,,,,,,,,,,
2025-12-05 12:33:24.440787-05,BTCUSDT,92013.52,92718.53,88056,89113.69,20184.51739,221.17937999999216,190.37348000000136,5634310,91006.23883263,0.6964540078506205,0.010000000009313226,0.9986239299455244,0,0,0.4126637900919375,0.29034094511880615,30,6.01246,6e-05,0.32726,0.00352,0.00102,7e-05,89113.45,89113.46,3.91e-06,-1.29e-05,88705.229,0,2.2744,56.82380585230735,16.852850537197295,0,0,0,2920,2920,85200,0,0,0,0,0,0.10267348,28,0,0,12,4,f,,,,,,,,,,,,,
2025-12-05 12:33:23.422972-05,BTCUSDT,91999.89,92718.53,88056,89101.48,20184.35137,220.7067499999923,190.37348000000136,5634190,91006.29821386,0.7084912033901044,0.010000000009313226,0.10575390411646025,0,0,0.4294679321562918,0.28788117531681295,30,1.98348,0.00035,6e-05,1.59889,0.00544,6e-05,89101.48,89101.49,3.91e-06,-1.29e-05,88705.229,0,2.2744,56.82380585230735,16.852850537197295,0,0,0,2920,2920,85200,0,0,0,0,0,0.10267348,28,0,0,12,4,f,,,,,,,,,,,,,
2025-12-05 12:33:22.411042-05,BTCUSDT,91999.88,92718.53,88056,89101.49,20184.35259,220.7066899999923,190.36939000000137,5634192,91006.29827391,0.7110663984543746,0.010000000009313226,-0.17103044713901117,0,0,0.43102301837329876,0.28944731105541177,30,1.38353,0.00035,6e-05,1.94943,0.00556,6e-05,89101.48,89101.49,3.91e-06,-1.29e-05,88705.229,0,2.2744,56.82380585230735,16.852850537197295,0,0,0,2920,2920,85200,0,0,0,0,0,0.10267348,28,0,0,12,4,f,,,,,,,,,,,,,
2025-12-05 12:33:21.402701-05,BTCUSDT,91999.88,92718.53,88056,89101.49,20184.3653,220.6992599999923,190.36939000000137,5634205,91006.29996649,0.7165310564762329,0.010000000009313226,-0.269312457928089,0,0,0.4009537273643645,0.28941182851487063,30,1.25862,0.00035,6e-05,2.17967,0.00554,0.002,89101.48,89101.49,3.91e-06,-1.29e-05,88705.229,0,2.2744,56.82380585230735,16.852850537197295,0,0,0,2920,2920,85200,0,0,0,0,0,0.10267348,28,0,0,12,4,f,,,,,,,,,,,,,
2025-12-05 12:33:20.392943-05,BTCUSDT,91976.75,92718.53,88056,89101.49,20184.7347,220.6957299999923,190.35183000000137,5634533,91006.32084934,0.7169039386720965,0.010000000009313226,-0.46210774599401555,0,0,0.39836363905885264,0.28952477831547613,30,1.02682,0.00035,6e-05,2.78678,0.00548,6e-05,89101.48,89101.49,3.91e-06,-1.29e-05,88705.229,0,2.2744,56.82380585230735,16.852850537197295,0,0,0,2920,2920,85200,0,0,0,0,0,0.10267348,28,0,0,12,4,f,,,,,,,,,,,,,
2025-12-05 12:33:19.383322-05,BTCUSDT,91976.75,92718.53,88056,89101.48,20184.73495,220.6955099999923,190.35154000000136,5634540,91006.32125737,0.718309875304644,0.010000000009313226,-0.4911814278261567,0,0,0.39452736897901325,0.28952921425762335,30,1.01081,0.00041,6e-05,2.84174,0.0053,0.00012,89101.48,89101.49,3.91e-06,-1.29e-05,88705.229,0,2.2744,56.82380585230735,16.852850537197295,0,0,0,2920,2920,85200,0,0,0,0,0,0.10267348,28,0,0,12,4,f,,,,,,,,,,,,,
2025-12-05 12:33:18.359834-05,BTCUSDT,91976.75,92718.53,88056,89101.49,20184.76283,220.69419999999232,190.34913000000137,5634541,91006.32278435,0.7290812302244832,0.010000000009313226,-0.35549096711688605,0,0,0.4011290233913307,0.28954254880363356,30,1.03994,0.00023,6e-05,2.84208,0.0053,0.00012,89101.48,89101.49,3.91e-06,-1.29e-05,88705.229,0,2.2744,56.82380585230735,16.852850537197295,0,0,0,2920,2920,85200,0,0,0,0,0,0.10267348,28,0,0,12,4,f,,,,,,,,,,,,,
2025-12-05 12:33:17.344825-05,BTCUSDT,91976.75,92718.53,88056,89101.48,20184.73881,220.65980999999232,190.34700000000134,5634608,91006.32697843,0.7767169082174241,0.010000000009313226,-0.4375357535753575,0,0,0.41490919229664663,0.28972804109168443,30,1.2749,0.00018,6e-05,3.2186,0.00542,0.00012,89101.48,89101.49,3.91e-06,-1.29e-05,88705.229,0,2.2744,56.832082943529386,16.803995407420825,0,0,0,2920,2920,85200,0,0,0,0,0,0.10267348,28,0,0,12,4,f,,,,,,,,,,,,,
2025-12-05 12:33:16.33357-05,BTCUSDT,91981.6,92718.53,88056,89106.36,20184.61026,220.65569999999232,190.22114000000138,5634772,91006.34231661,0.7907247992221844,0.00999999999476131,-0.6265364469208455,0,0,0.42223488492514305,0.2908924750600584,30,0.71539,0.00024,6e-05,2.9038,0.00086,0.00012,89106.36,89106.37,3.91e-06,-1.29e-05,88705.229,0,2.2744,56.832082943529386,16.803995407420825,0,0,0,2920,2920,85200,0,0,0,0,0,0.10267348,28,0,0,12,4,f,,,,,,,,,,,,,
2025-12-05 12:33:15.318644-05,BTCUSDT,91990.78,92718.53,88056,89119.13,20184.06091,220.49270999999231,189.96307000000135,5634673,91006.41569723,0.7829638761032931,0.00999999999476131,-0.9990656843004455,0,0,0.3996029816388688,0.2924644531934417,30,0.00119,0.00108,6e-05,3.16826,0.00066,2.06787,89124.42,89124.43,3.91e-06,-1.29e-05,88705.229,0,2.2744,56.832082943529386,16.803995407420825,0,0,0,2920,2920,85200,0,0,0,0,0,0.10267348,28,0,0,12,4,f,,,,,,,,,,,,,
2025-12-05 12:33:14.298829-05,BTCUSDT,91993.53,92718.53,88056,89141.26,20183.42961,220.4542399999923,189.04818000000125,5634315,91006.48333595,0.818543325072153,0.010000000009313226,0.4787689045426412,0,0,0.4328650345759479,0.3010007041233148,30,2.55814,0.05548,0.00018,0.91573,0.0009,6e-05,89141.26,89141.27,3.91e-06,-1.29e-05,88705.229,0,2.2744,56.832082943529386,16.803995407420825,0,0,0,2920,2920,85200,0,0,0,0,0,0.10267348,28,0,0,12,4,f,,,,,,,,,,,,,
2025-12-05 12:33:13.286163-05,BTCUSDT,92000.93,92718.53,88056,89140,20183.40855,220.40437999999233,188.99929000000103,5634319,91006.48948322,0.8187908435401565,0.00999999999476131,0.8049806716280538,0,0,0.42648413857162404,0.3012134421493845,30,1.61059,0.00506,0.05012,0.18516,6e-05,6e-05,89139.99,89140,3.91e-06,-1.29e-05,88705.229,0,2.2744,56.832082943529386,16.803995407420825,0,0,0,2920,2920,85200,0,0,0,0,0,0.10267348,28,0,0,12,4,f,,,,,,,,,,,,,
2025-12-05 12:33:12.27609-05,BTCUSDT,92005.48,92718.53,88056,89139.99,20183.53852,220.40174999999232,188.989200000001,5634732,91006.49771871,0.8217173259729521,0.00999999999476131,0.9393175109425846,0,0,0.40682163309721747,0.3010934024167624,30,4.38518,0.00506,0.05012,0.13961,0.00072,6e-05,89139.99,89140,3.91e-06,-1.29e-05,88705.229,0,2.2744,56.832082943529386,16.803995407420825,0,0,0,2920,2920,85200,0,0,0,0,0,0.10267348,28,0,0,12,4,f,,,,,,,,,,,,,
2025-12-05 12:33:11.2639-05,BTCUSDT,92011.09,92718.53,88056,89137.82,20183.71543,220.34998999999237,188.987200000001,5634801,91006.51736253,0.8458866665824094,0.010000000009313226,0.8980470538113949,0,0,0.41447832724403505,0.2837610573954109,30,5.35793,1.24851,0.37026,0.40304,0.04668,6e-05,89137.81,89137.82,3.91e-06,-1.29e-05,88705.229,0,2.2744,56.832082943529386,16.803995407420825,0,0,0,2920,2920,85200,0,0,0,0,0,0.10267348,28,0,0,12,4,f,,,,,,,,,,,,,
2025-12-05 12:33:10.252806-05,BTCUSDT,92023.53,92718.53,88056,89137.75,20183.71796,220.30574999999237,188.987140000001,5634868,91006.52123634,0.8459042363953264,0.00999999999476131,0.8249863284046586,0,0,0.41482325216589183,0.28380765920776185,30,5.25618,0.00012,0.0025,0.50616,0.0009,7e-05,89137.74,89137.75,3.91e-06,-1.29e-05,88705.229,0,2.2744,56.832082943529386,16.803995407420825,0,0,0,2920,2920,85200,0,0,0,0,0,0.10267348,28,0,0,12,4,f,,,,,,,,,,,,,
2025-12-05 12:33:09.229434-05,BTCUSDT,92029.99,92718.53,88056,89122.56,20180.54641,220.07467999999236,188.95359000000101,5634713,91006.85745236,0.8545111927330032,0.00999999999476131,0.8218070249318906,0,0,0.4203004887954235,0.2839287834474345,30,2.11224,7e-05,0.00563,0.15172,0.0552,0.00012,89090.44,89090.45,3.91e-06,-1.29e-05,88705.229,0,2.2744,56.832082943529386,16.803995407420825,0,0,0,2920,2920,85200,0,0,0,0,0,0.10267348,28,0,0,12,4,f,,,,,,,,,,,,,
2025-12-05 12:33:08.202778-05,BTCUSDT,92029.99,92718.53,88056,89090.45,20180.54641,216.9048799999925,188.95345000000103,5634626,91006.85745236,0.8191652796612902,0.00999999999476131,-0.06341139993369865,0,0,0.41097541534628285,0.2670511676250946,30,1.1979,0.0009,7e-05,1.23208,0.00572,0.00012,89090.44,89090.45,3.91e-06,-1.29e-05,88705.229,0,2.2744,56.832082943529386,16.803995407420825,0,0,0,2920,2920,85200,0,0,0,0,0,0.10267348,28,0,0,12,4,f,,,,,,,,,,,,,
2025-12-05 12:33:07.197643-05,BTCUSDT,92018.23,92718.53,88056,89090.44,20182.73496,216.8847299999925,188.95345000000103,5634631,91006.98212661,0.8300189156757671,0.00999999999476131,0.19836989762929147,0,0,0.4019705408053605,0.2686263454509395,30,1.70625,0.00072,7e-05,1.1406,0.00578,0.00018,89090.44,89090.45,3.91e-06,-1.29e-05,88705.229,0,2.2744,56.84265836082533,16.762877973430285,0,0,0,2920,2920,85200,0,0,0,0,0,0.10267348,28,0,0,12,4,f,,,,,,,,,,,,,
2025-12-05 12:33:06.186371-05,BTCUSDT,92018.23,92718.53,88056,89101.47,20182.73496,216.8847299999925,188.89011000000102,5634588,91006.98212661,0.8227287906495112,0.00999999999476131,-0.3280312475050513,0,0,0.3861222922193338,0.26922877720433164,30,0.54647,0.00036,7e-05,0.95014,0.0003,6e-05,89101.47,89101.48,3.91e-06,-1.29e-05,88705.229,0,2.2744,56.84265836082533,16.762877973430285,0,0,0,2920,2920,85200,0,0,0,0,0,0.10267348,28,0,0,12,4,f,,,,,,,,,,,,,
